$Id$

This is at least a partial credits-file of people that have
contributed to DDD.  It is sorted by last name.

Thanks,
The DDD Maintainers


Major code contributions:

Rocky BERNSTEIN <rocky@gnu.org>           - BASH debugger support
                                          - GNU Make debugger support
                                            (well, actually the 
	                                    debuggers too)
	                                  - Post 2006 Python support
J.H.M. DASSEN <jdassen@wi.leidenuniv.nl>  - Tips and bug reports
Dmitri DMITRIENKO <dd.cron.ru>            - PHP support
Christian LINDIG <lindig@ips.cs.tu-bs.de> - PostScript and XFIG printing
Richard WOLFF <rwolff@noao.edu>		  - Python support (retired)

Significant suggestions and bug fixes:

Chip ATKINSON <chip@xig.com>
N. BECK <sbeck@cise.ufl.edu>
Eric BLOOD <e.blood@citr.com>
Mike BOND <mbond@erols.com>
Phil BROOKS <phil_brooks@mentorg.com>
Andreas BUSCHMANN <Andreas.Buschmann@ks.sel.alcatel.de>
Satish CHANDRA <am939@gobhp1.fs.cummins.com>
Gary CLIFF <gary.cliff@cdott.com>
Avi COHEN Stuart <avi@baan.nl>
Ferdinand CONTRERAS <fcontre@clear.co.nz>
N. DAN Zou <zou@hooked.net>
Steven DANZ <steve_danz@mentorg.com>
Arnaud DESITTER <arnaud@nag.co.uk>
L. Peter DEUTSCH <ghost@aladdin.com>
Robert DIGRAZIA <applix!packard!digrazia@uunet.uu.net>
Yann DIRSON <Yann.Dirson@france.sun.com>
Jonathan EDWARDS <edwards@intranet.com>
Danny VAN ELSEN <Danny_Van_Elsen@village.uunet.be>
Chris ENGELEN <engelen@lucent.com>
Linda FLOREN <linda.floren@bigfoot.de>
Rick FLOWER <Rick.Flower@trw.com>
Chris GARNETT <chrisg@mail.dcs.warwick.ac.uk>
Peter GREHAN <grehan@ipsilon.com>
Mark HARIG <markh@landmark.com>
Christian 'Hobi' HOBELSBERGER <hobelsbe@forwiss.uni-passau.de>
Jacek M. HOLECZEK <holeczek@heracles.cto.us.edu.pl>
Lee HOUNSHELL <lee@champion.tcs.co.jp>
Graham HUDSPITH <ghudspit@mltsa.uk.lucent.com>
Robert HWANG <rhwang@cs.sfu.ca>
Andi K. <ak@muc.de>
Brian KAHNE <bkahne@ibmoto.com>
Rainer KELLER <Rainer.Keller@studbox.uni-stuttgart.de>
Oliver KELLOGG <Oliver.Kellogg@space.otn.dasa.de>
Uwe KERST <vsjobegg@mikro.ee.tu-berlin.de>
Dan KIRKWOOD <dan.kirkwood@xilinx.com>
David KIRWAN <David-Kirwan@vertel.com>
Martin KLAUS <mklaus@takefive.co.at>
Beirne KONARSKI <bkonarski@calibersys.com>
Markus KOSSMANN <mk@emil.inka.de>
Jens KRINKE <j.krinke@gmx.net>
Volker KUHLMANN <kuhlmav@elec.canterbury.ac.nz>
Gyula KUN-SZABO <Gyula.Kun-Szabo@eth.ericsson.se>
Christoph L. SPIEL <Christoph_Spiel@physik.tu-muenchen.de>
Marty LEISNER <leisner@sdsp.mc.xerox.com>
Thomas LEITNER <tom@finwds01.tu-graz.ac.at>
Marc LEPAGE <mlepage@kingston.hummingbird.com>
Anke LEWIEN <lewien@ips.cs.tu-bs.de>
Rob LIMBURG <rob@nat.vu.nl>
Benjamin LOW <ben@snrc.uow.edu.au>
Matt MAIKA <mmajka@cs5.dasd.honeywell.com>
Philippe MIDOL-MONNET <Philippe.MIDOL-MONNET@airbus.aeromatra.com>
Tobias MANGOLD <mangold@hft.e-technik.tu-muenchen.de>
Michael MARXMEIER <mike@msede.com>
Jason MERRILL <jason@cygnus.com>
Tim MOONEY <mooney@dogbert.cc.ndsu.NoDak.edu>
Mike MORGAN <mmorgan@quadritek.com>
H. NANOSECOND <aldomel@ix.netcom.com>
Jeff PHELPS <jphelps@pluto.globalinfotek.com>
Siddharth RAM <srram@qualcomm.com>
Helmut RIEGLER <helmut%gurk@stveit2.net4you.co.at>
Vadim ROGOZIN <dima@mercury.co.il
Phil ROMIG <romig@bierstadt.unl.edu>
Shaunak SAHA <reach2shaunak02@gmail.com>
Daniel SCHEPLER <schepler@math.berkeley.edu>
Jochen SCHÜTZE <jos@gbf.de>
Zdenek SEKERA <zs@cray.com>
Thorsten SOMMER <sommer@ips.cs.tu-bs.de>
Terence SPIELMAN <terence@globeset.com>
Mark STEFANIW <marks@abacus-direct.com>
Hiro SUGAWARA <hiro@lynx.com>
Paul SYDNEY <sydney@ulua.mhpcc.af.mil>
Michael TAESCHNER <Michael.Taeschner@dlr.de>
Saurabh TENDULKAR <gillette206@yahoo.com>
Tuomo TIKKANEN <Tuomo.Tikkanen@nokia.com>
Walter TUPPA <tuppa@iue.tuwien.ac.at>
Lassi A. TUURA <Lassi.Tuura@cern.ch>
Nico VAN WAES <nico@yegal.njit.edu>
Jim VAN ZANDT <jrv@vanzandt.mv.com>
Johan VERMEIRE <jvme@se.bel.alcatel.be>
Bob VICKERS <bobv@dcs.rhbnc.ac.uk>
Christopher VICKERY <vickery@babbage.cs.qc.edu>
Jack W. Howarth <howarth@nitro.med.uc.edu>
Ronald WAHL <rwahl@gmx.net>
Peter WAINWRIGHT <peter.wainwright@ieee.org>
Anders WEGGE JAKOBSEN <wegge@wegge.dk>
Bob WIEGAND <robert.e.wiegand.1@gsfc.nasa.gov>
Steffen WIESCHALLA <steffen.wieschalla@student.uni-tuebingen.de>
Gerhard WIRRER <Gerhard.Wirrer@cern.ch>
John WULFF <John.Wulff@kanthor.de>

